split,threshold,condition,bin,n,accuracy,MCC,F1_weighted,precision_weighted,recall_weighted
10,0.8,all,0-10%,1476,0.15514905149051492,0.12095528875556896,0.09174560725642528,0.2163013435343694,0.15514905149051492
10,0.8,all,10-20%,49838,0.17924073999759219,0.1205599067587075,0.14056397040918048,0.2223577644280458,0.17924073999759219
10,0.8,all,20-30%,32943,0.192969674892997,0.14227245148511375,0.14754424268161784,0.2588127569098157,0.192969674892997
10,0.8,all,30-40%,3711,0.2357855025599569,0.19656620288091212,0.19887919343057245,0.22724773711510074,0.2357855025599569
10,0.8,all,40-50%,266,0.18796992481203006,0.18770002912861908,0.1364936293688898,0.12632702631758738,0.18796992481203006
10,0.8,all,50-60%,22,0.4090909090909091,0.3768187012114018,0.3216253443526171,0.26623376623376627,0.4090909090909091
10,0.8,all,60-70%,6,0.8333333333333334,0.5,0.8333333333333334,0.8333333333333334,0.8333333333333334
10,0.8,all,70-80%,12,1.0,,1.0,1.0,1.0
10,0.8,all,80-90%,7,1.0,,1.0,1.0,1.0
10,0.8,above_threshold,0-10%,24,0.7916666666666666,0.7680802362079758,0.7275641025641025,0.6990740740740741,0.7916666666666666
10,0.8,above_threshold,10-20%,1781,0.8214486243683324,0.7477033662908896,0.7862899945252219,0.7705212077821243,0.8214486243683324
10,0.8,above_threshold,20-30%,3849,0.8836061314627176,0.6547750541116752,0.8656240454016039,0.8637905445937927,0.8836061314627176
10,0.8,above_threshold,30-40%,622,0.8167202572347267,0.6780312992203851,0.7928975992316062,0.7859259314929852,0.8167202572347267
10,0.8,above_threshold,40-50%,67,0.47761194029850745,0.5681743647287968,0.42217484008528783,0.41062629436549314,0.47761194029850745
10,0.8,above_threshold,50-60%,7,0.7142857142857143,0.6172133998483676,0.6428571428571429,0.619047619047619,0.7142857142857143
10,0.8,below_threshold,0-10%,1452,0.1446280991735537,0.11173380263546907,0.08144219425667225,0.08313647432855725,0.1446280991735537
10,0.8,below_threshold,10-20%,48057,0.15544041450777202,0.0981527600905192,0.1196374751081906,0.1625402375203334,0.15544041450777202
10,0.8,below_threshold,20-30%,29094,0.10160170481886299,0.06976050501330146,0.09123482811068337,0.2262168979590818,0.10160170481886299
10,0.8,below_threshold,30-40%,3089,0.11880867594690839,0.08948420672956148,0.10129281723417932,0.15028264962600846,0.11880867594690839
10,0.8,below_threshold,40-50%,199,0.09045226130653267,0.09643800815059973,0.06417175373659924,0.06444547668313556,0.09045226130653267
10,0.8,below_threshold,50-60%,15,0.26666666666666666,0.2876369982026699,0.26666666666666666,0.26666666666666666,0.26666666666666666
10,0.8,below_threshold,60-70%,6,0.8333333333333334,0.5,0.8333333333333334,0.8333333333333334,0.8333333333333334
10,0.8,below_threshold,70-80%,12,1.0,,1.0,1.0,1.0
10,0.8,below_threshold,80-90%,7,1.0,,1.0,1.0,1.0
20,0.8,all,0-10%,1646,0.19015795868772783,0.17565322381883972,0.1350909652849054,0.1530331924981991,0.19015795868772783
20,0.8,all,10-20%,46931,0.17868786090217553,0.12729003537368191,0.160033871766848,0.24191601012813402,0.17868786090217553
20,0.8,all,20-30%,31943,0.21641674232226152,0.17782688093124552,0.24495012023060006,0.41455284204422777,0.21641674232226152
20,0.8,all,30-40%,2871,0.3594566353187043,0.3207153639451928,0.3654706970716811,0.5557005364179984,0.3594566353187043
20,0.8,all,40-50%,194,0.38144329896907214,0.3723917785053221,0.3718308272171626,0.44687880029283106,0.38144329896907214
20,0.8,all,50-60%,12,0.75,0.5952380952380952,0.75,0.75,0.75
20,0.8,above_threshold,0-10%,22,0.7727272727272727,0.4985486181283438,0.7779614325068871,0.8663101604278075,0.7727272727272727
20,0.8,above_threshold,10-20%,1431,0.8176100628930818,0.7050363517531791,0.7782428497041952,0.7584900125269678,0.8176100628930818
20,0.8,above_threshold,20-30%,2651,0.966804979253112,0.8975048085441995,0.9609992041493728,0.9560879630944165,0.966804979253112
20,0.8,above_threshold,30-40%,388,0.9845360824742269,0.9394911711003322,0.9819945547890808,0.9796985861072645,0.9845360824742269
20,0.8,above_threshold,40-50%,17,1.0,1.0,1.0,1.0,1.0
20,0.8,above_threshold,50-60%,6,1.0,,1.0,1.0,1.0
20,0.8,below_threshold,0-10%,1624,0.18226600985221675,0.17034804331998907,0.13266754825650373,0.13455051341986513,0.18226600985221675
20,0.8,below_threshold,10-20%,45500,0.1585934065934066,0.1090237526626682,0.14041477823288948,0.22428937245409206,0.1585934065934066
20,0.8,below_threshold,20-30%,29292,0.148504711183941,0.12052260659398496,0.16422256555240927,0.33162624842971505,0.148504711183941
20,0.8,below_threshold,30-40%,2483,0.2617801047120419,0.24301152720550034,0.26658234568933503,0.48411423717735297,0.2617801047120419
20,0.8,below_threshold,40-50%,177,0.3220338983050847,0.31516700686341714,0.31006568253669053,0.38454711113051887,0.3220338983050847
20,0.8,below_threshold,50-60%,6,0.5,0.3333333333333333,0.5,0.5,0.5
30,0.866,all,0-10%,774,0.36175710594315247,0.3085987182014165,0.32935763535728735,0.4279390725333017,0.36175710594315247
30,0.866,all,10-20%,43940,0.18441055985434684,0.13056337033627807,0.20921703220139748,0.3707403257753503,0.18441055985434684
30,0.866,all,20-30%,34710,0.2790550273696341,0.2463339533407035,0.32224427939152045,0.532167606908774,0.2790550273696341
30,0.866,all,30-40%,5410,0.48262476894639555,0.4276471248522396,0.507975044368706,0.6342772212951597,0.48262476894639555
30,0.866,all,40-50%,356,0.48314606741573035,0.4480880076781074,0.4783320903050381,0.5466297732970441,0.48314606741573035
30,0.866,all,50-60%,53,0.6792452830188679,0.5797559894837983,0.7504068589470774,0.8969002695417789,0.6792452830188679
30,0.866,all,60-70%,1,1.0,,1.0,1.0,1.0
30,0.866,above_threshold,0-10%,4,1.0,,1.0,1.0,1.0
30,0.866,above_threshold,10-20%,113,0.5575221238938053,0.5134585159009926,0.6401242703822256,0.8993004635482511,0.5575221238938053
30,0.866,above_threshold,20-30%,509,0.8762278978388998,0.7234226779285735,0.9118655515001296,0.9573060863535642,0.8762278978388998
30,0.866,above_threshold,30-40%,294,0.9897959183673469,0.8339781816560128,0.9948711533650237,1.0,0.9897959183673469
30,0.866,above_threshold,40-50%,11,0.9090909090909091,0.8076923076923077,0.9090909090909091,0.9090909090909091,0.9090909090909091
30,0.866,below_threshold,0-10%,770,0.35844155844155845,0.3051484786211434,0.32578908100680004,0.42482589203334586,0.35844155844155845
30,0.866,below_threshold,10-20%,43827,0.18344855910739954,0.12954665231703774,0.20803870956383888,0.36926725886863887,0.18344855910739954
30,0.866,below_threshold,20-30%,34201,0.2701675389608491,0.23875054678623844,0.31241024958807856,0.525280982005046,0.2701675389608491
30,0.866,below_threshold,30-40%,5116,0.45347928068803756,0.4082887958174816,0.479310309564877,0.6140010370034824,0.45347928068803756
30,0.866,below_threshold,40-50%,345,0.46956521739130436,0.43458183353172913,0.46519912752006626,0.5375868656251607,0.46956521739130436
30,0.866,below_threshold,50-60%,53,0.6792452830188679,0.5797559894837983,0.7504068589470774,0.8969002695417789,0.6792452830188679
30,0.866,below_threshold,60-70%,1,1.0,,1.0,1.0,1.0
40,0.733,all,0-10%,848,0.14504716981132076,0.08709588117498286,0.11097078288547862,0.1373171963521711,0.14504716981132076
40,0.733,all,10-20%,34999,0.1690048287093917,0.12851448438367322,0.1682911638625207,0.25101012858397875,0.1690048287093917
40,0.733,all,20-30%,43044,0.31602546231762846,0.2654393438514219,0.3240299792926596,0.4770445430195763,0.31602546231762846
40,0.733,all,30-40%,23993,0.7745175676238903,0.7535490782972067,0.7532214700056371,0.7877190511225396,0.7745175676238903
40,0.733,all,40-50%,1375,0.8756363636363637,0.8547794451477411,0.8629922017754321,0.8635720006504051,0.8756363636363637
40,0.733,all,50-60%,18,0.7222222222222222,0.6568752289222676,0.6550925925925926,0.6080246913580247,0.7222222222222222
40,0.733,all,60-70%,2,0.0,0.0,0.0,0.0,0.0
40,0.733,above_threshold,0-10%,29,0.20689655172413793,0.10654533863443545,0.19310344827586207,0.196360153256705,0.20689655172413793
40,0.733,above_threshold,10-20%,1995,0.2696741854636591,0.21353057180795523,0.27120792052501197,0.34702887693665196,0.2696741854636591
40,0.733,above_threshold,20-30%,9777,0.8634550475606014,0.8071212680352273,0.850620312984035,0.8537207137212955,0.8634550475606014
40,0.733,above_threshold,30-40%,14397,0.9641591998332986,0.9568216602040661,0.9584430681774687,0.9584129843268252,0.9641591998332986
40,0.733,above_threshold,40-50%,1017,0.9960668633235005,0.9949894639014294,0.9947041763090795,0.9936136189823505,0.9960668633235005
40,0.733,above_threshold,50-60%,8,1.0,1.0,1.0,1.0,1.0
40,0.733,below_threshold,0-10%,819,0.14285714285714285,0.0837662329039717,0.10633785873393,0.13068606373016406,0.14285714285714285
40,0.733,below_threshold,10-20%,33004,0.1629196461035026,0.12310999917705465,0.158327717910514,0.22377489036396275,0.1629196461035026
40,0.733,below_threshold,20-30%,33267,0.1551387260648691,0.11862107964054501,0.14814915551322666,0.33020892407042646,0.1551387260648691
40,0.733,below_threshold,30-40%,9596,0.48999583159649857,0.45062641758078753,0.4634402938197953,0.5699853205429237,0.48999583159649857
40,0.733,below_threshold,40-50%,358,0.5335195530726257,0.48275624186747196,0.5102467087839365,0.5641048335984744,0.5335195530726257
40,0.733,below_threshold,50-60%,10,0.5,0.47560975609756095,0.5,0.5,0.5
40,0.733,below_threshold,60-70%,2,0.0,0.0,0.0,0.0,0.0
50,0.733,all,0-10%,23,0.7391304347826086,0.5988812433473574,0.7053140096618357,0.7018633540372671,0.7391304347826086
50,0.733,all,10-20%,3493,0.2630976238190667,0.24426147114159955,0.23527311009739804,0.31439501406837816,0.2630976238190667
50,0.733,all,20-30%,9277,0.4027163953864396,0.37674254951456987,0.39342905177595705,0.5782123699338917,0.4027163953864396
50,0.733,all,30-40%,42000,0.7589523809523809,0.746262403477394,0.7506287790020432,0.8033381194545707,0.7589523809523809
50,0.733,all,40-50%,82235,0.8531890314343041,0.8429880633298753,0.85238189637806,0.8905024572507817,0.8531890314343041
50,0.733,all,50-60%,511,0.8434442270058709,0.8291672470033902,0.8409807127349426,0.8702953428596752,0.8434442270058709
50,0.733,all,60-70%,36,0.6666666666666666,0.5918279249113549,0.7106481481481481,0.787037037037037,0.6666666666666666
50,0.733,all,70-80%,10,1.0,,1.0,1.0,1.0
50,0.733,all,80-90%,15,1.0,,1.0,1.0,1.0
50,0.733,all,90-100%,3,1.0,,1.0,1.0,1.0
50,0.733,above_threshold,0-10%,13,0.9230769230769231,0.0,0.8861538461538461,0.8520710059171598,0.9230769230769231
50,0.733,above_threshold,10-20%,573,0.7923211169284468,0.7456686671901197,0.7601667096118488,0.7935782025785679,0.7923211169284468
50,0.733,above_threshold,20-30%,3090,0.816504854368932,0.7908853211698151,0.8070428358194703,0.8992431201600056,0.816504854368932
50,0.733,above_threshold,30-40%,27760,0.9320965417867435,0.9273504616389174,0.9279004011708123,0.934924024351785,0.9320965417867435
50,0.733,above_threshold,40-50%,63361,0.9812187307649816,0.9792163753555306,0.9767528948257168,0.9822499487569029,0.9812187307649816
50,0.733,above_threshold,50-60%,352,0.9744318181818182,0.9708092154062056,0.9684017962347159,0.9655455168382112,0.9744318181818182
50,0.733,above_threshold,60-70%,18,1.0,1.0,1.0,1.0,1.0
50,0.733,above_threshold,70-80%,8,1.0,,1.0,1.0,1.0
50,0.733,above_threshold,80-90%,7,1.0,,1.0,1.0,1.0
50,0.733,above_threshold,90-100%,2,1.0,,1.0,1.0,1.0
50,0.733,below_threshold,0-10%,10,0.5,0.44335776794587245,0.4666666666666666,0.5,0.5
50,0.733,below_threshold,10-20%,2920,0.15924657534246575,0.1472737240316282,0.15939494973601517,0.2619540722580212,0.15924657534246575
50,0.733,below_threshold,20-30%,6187,0.19605624696945206,0.16656506567058185,0.20002074726929947,0.33951179587029806,0.19605624696945206
50,0.733,below_threshold,30-40%,14240,0.4214185393258427,0.39795949208204184,0.4010781539429716,0.6098127967513074,0.4214185393258427
50,0.733,below_threshold,40-50%,18874,0.42338666949242343,0.4226372888361707,0.4592791442569526,0.7729781181935186,0.42338666949242343
50,0.733,below_threshold,50-60%,159,0.5534591194968553,0.5363631479861652,0.6068356870243662,0.7994652568893749,0.5534591194968553
50,0.733,below_threshold,60-70%,18,0.3333333333333333,0.33344794960030055,0.3796296296296296,0.574074074074074,0.3333333333333333
50,0.733,below_threshold,70-80%,2,1.0,,1.0,1.0,1.0
50,0.733,below_threshold,80-90%,8,1.0,,1.0,1.0,1.0
50,0.733,below_threshold,90-100%,1,1.0,,1.0,1.0,1.0
60,0.666,all,0-10%,2,0.0,0.0,0.0,0.0,0.0
60,0.666,all,10-20%,215,0.11162790697674418,0.05604501959569221,0.08627540191799678,0.13356909701003947,0.11162790697674418
60,0.666,all,20-30%,1173,0.24040920716112532,0.19713055984636801,0.24707961906329515,0.46032556951188935,0.24040920716112532
60,0.666,all,30-40%,5112,0.5455790297339593,0.5445327701292313,0.5499623205820623,0.7583574716104975,0.5455790297339593
60,0.666,all,40-50%,37841,0.9246848656219444,0.9202923558463445,0.9209522468120502,0.9296249129126597,0.9246848656219444
60,0.666,all,50-60%,101174,0.9818925810979106,0.9800159759594254,0.9815738006214354,0.9821557301709528,0.9818925810979106
60,0.666,all,60-70%,293,0.7372013651877133,0.7139376299084472,0.7566551493007854,0.8401418153395616,0.7372013651877133
60,0.666,all,70-80%,11,0.6363636363636364,0.6177658256852797,0.6545454545454545,0.6818181818181818,0.6363636363636364
60,0.666,all,80-90%,2,1.0,,1.0,1.0,1.0
60,0.666,above_threshold,0-10%,2,0.0,0.0,0.0,0.0,0.0
60,0.666,above_threshold,10-20%,34,0.11764705882352941,0.07876870032529584,0.09120160884866768,0.2602941176470588,0.11764705882352941
60,0.666,above_threshold,20-30%,131,0.6030534351145038,0.5750800051278796,0.599551869495622,0.6731175372698072,0.6030534351145038
60,0.666,above_threshold,30-40%,2358,0.9050042408821035,0.9000007442076552,0.8945830389620638,0.9215921198670115,0.9050042408821035
60,0.666,above_threshold,40-50%,34035,0.982488614661378,0.9813054415752888,0.9821897124617628,0.9829196285956759,0.982488614661378
60,0.666,above_threshold,50-60%,97928,0.9952209786782126,0.9947033334721066,0.995083750659532,0.9952405903000203,0.9952209786782126
60,0.666,above_threshold,60-70%,194,0.9123711340206185,0.9051551116233042,0.920461299211666,0.957321029485978,0.9123711340206185
60,0.666,above_threshold,70-80%,7,0.7142857142857143,0.7,0.7142857142857143,0.7142857142857143,0.7142857142857143
60,0.666,above_threshold,80-90%,2,1.0,,1.0,1.0,1.0
60,0.666,below_threshold,10-20%,181,0.11049723756906077,0.052178928295250795,0.08241601660952153,0.1335283284584552,0.11049723756906077
60,0.666,below_threshold,20-30%,1042,0.1948176583493282,0.14490959590945776,0.20556701683767392,0.4204729409645445,0.1948176583493282
60,0.666,below_threshold,30-40%,2754,0.23783587509077705,0.22760813858724352,0.28311804689771497,0.6736738630463932,0.23783587509077705
60,0.666,below_threshold,40-50%,3806,0.4077771939043615,0.39315351336668386,0.43964528695165567,0.6300159702891025,0.4077771939043615
60,0.666,below_threshold,50-60%,3246,0.5797905113986445,0.5542732762451992,0.6215574754537673,0.7369287216432493,0.5797905113986445
60,0.666,below_threshold,60-70%,99,0.3939393939393939,0.32530189146988453,0.43521410972975805,0.5645342312008979,0.3939393939393939
60,0.666,below_threshold,70-80%,4,0.5,0.3,0.5,0.5,0.5
70,0.733,all,0-10%,1,0.0,,0.0,0.0,0.0
70,0.733,all,10-20%,84,0.10714285714285714,0.01864396260720286,0.07831890331890332,0.07558883768561186,0.10714285714285714
70,0.733,all,20-30%,542,0.1881918819188192,0.10770408452406405,0.16996386066537278,0.18755869805839612,0.1881918819188192
70,0.733,all,30-40%,1256,0.5764331210191083,0.5531687287551097,0.5566215351697512,0.6153501663452278,0.5764331210191083
70,0.733,all,40-50%,6945,0.8826493880489561,0.8759678633616326,0.8796283771408214,0.8907978913913293,0.8826493880489561
70,0.733,all,50-60%,39000,0.971,0.9689515195758263,0.9709539511186148,0.9719913998378931,0.971
70,0.733,all,60-70%,99219,0.9873411342585593,0.9860563083542447,0.9871487931003933,0.9874321102583015,0.9873411342585593
70,0.733,all,70-80%,162,0.845679012345679,0.8311918655336551,0.8476251133720486,0.8962196949364825,0.845679012345679
70,0.733,all,80-90%,4,1.0,1.0,1.0,1.0,1.0
70,0.733,all,90-100%,1,1.0,,1.0,1.0,1.0
70,0.733,above_threshold,0-10%,1,0.0,,0.0,0.0,0.0
70,0.733,above_threshold,10-20%,8,0.125,0.09435641951204965,0.125,0.125,0.125
70,0.733,above_threshold,20-30%,38,0.631578947368421,0.6150386010001881,0.6240183792815371,0.6960526315789474,0.631578947368421
70,0.733,above_threshold,30-40%,665,0.8932330827067669,0.8879149191811653,0.8711031752829771,0.9198699815532017,0.8932330827067669
70,0.733,above_threshold,40-50%,5724,0.9694269741439553,0.9675726394448826,0.9647606064665544,0.9728501772440854,0.9694269741439553
70,0.733,above_threshold,50-60%,36942,0.9939093714471333,0.9934550085236253,0.9938832805417855,0.9940803253542762,0.9939093714471333
70,0.733,above_threshold,60-70%,96476,0.9969526099755379,0.9966305998571422,0.9969375711195103,0.9969721241136865,0.9969526099755379
70,0.733,above_threshold,70-80%,121,0.9669421487603306,0.9626095986369164,0.9669611879268252,0.969185360094451,0.9669421487603306
70,0.733,above_threshold,80-90%,2,1.0,1.0,1.0,1.0,1.0
70,0.733,above_threshold,90-100%,1,1.0,,1.0,1.0,1.0
70,0.733,below_threshold,10-20%,76,0.10526315789473684,0.0020341091481237282,0.07989936080511355,0.0769736842105263,0.10526315789473684
70,0.733,below_threshold,20-30%,504,0.15476190476190477,0.06555647742402244,0.13741746123764792,0.14812271475316088,0.15476190476190477
70,0.733,below_threshold,30-40%,591,0.21996615905245348,0.16922035857847637,0.21537480046444155,0.2987500052512642,0.21996615905245348
70,0.733,below_threshold,40-50%,1221,0.47583947583947583,0.45161152148540024,0.49300962615047134,0.5934782906588875,0.47583947583947583
70,0.733,below_threshold,50-60%,2058,0.5597667638483965,0.5392272339287009,0.5869550318485817,0.6655614839918815,0.5597667638483965
70,0.733,below_threshold,60-70%,2743,0.6492890995260664,0.6166773894167039,0.6643684794486648,0.7282329434437613,0.6492890995260664
70,0.733,below_threshold,70-80%,41,0.4878048780487805,0.4560061310720399,0.4913666279519938,0.6170731707317073,0.4878048780487805
70,0.733,below_threshold,80-90%,2,1.0,1.0,1.0,1.0,1.0
80,0.666,all,0-10%,1,0.0,,0.0,0.0,0.0
80,0.666,all,10-20%,70,0.12857142857142856,0.03170624514753037,0.1316259892730481,0.16512925170068027,0.12857142857142856
80,0.666,all,20-30%,488,0.20081967213114754,0.10186073196961004,0.1816366612084863,0.2562344166206246,0.20081967213114754
80,0.666,all,30-40%,941,0.6259298618490967,0.6034283554640127,0.623067565309095,0.6929150169804272,0.6259298618490967
80,0.666,all,40-50%,3751,0.9202879232204746,0.9152352651160934,0.9195263762000652,0.9254038781638082,0.9202879232204746
80,0.666,all,50-60%,13560,0.9639380530973451,0.9609244263361665,0.9634219799925452,0.9650237448028667,0.9639380530973451
80,0.666,all,60-70%,39520,0.9811234817813765,0.9794491589728904,0.9809351573928441,0.981808593853229,0.9811234817813765
80,0.666,all,70-80%,89391,0.9888243782931168,0.9875289535681139,0.9886622815397271,0.9889769618434544,0.9888243782931168
80,0.666,all,80-90%,74,0.918918918918919,0.902692755307443,0.9240556345819503,0.9436936936936936,0.918918918918919
80,0.666,all,90-100%,3,1.0,1.0,1.0,1.0,1.0
80,0.666,above_threshold,0-10%,1,0.0,,0.0,0.0,0.0
80,0.666,above_threshold,10-20%,6,0.3333333333333333,0.2760262237369417,0.27777777777777773,0.25,0.3333333333333333
80,0.666,above_threshold,20-30%,24,0.5833333333333334,0.5519271592396481,0.5577380952380953,0.5972222222222222,0.5833333333333334
80,0.666,above_threshold,30-40%,486,0.9609053497942387,0.9583427455135474,0.9605385194232445,0.9643631921168152,0.9609053497942387
80,0.666,above_threshold,40-50%,3332,0.9864945978391356,0.9855444906437527,0.9863703713869507,0.9870338160947162,0.9864945978391356
80,0.666,above_threshold,50-60%,12816,0.9925093632958801,0.9918422270713965,0.9924439726727589,0.992625585617449,0.9925093632958801
80,0.666,above_threshold,60-70%,38240,0.9961297071129707,0.9957718153940069,0.99611070949141,0.996139034107448,0.9961297071129707
80,0.666,above_threshold,70-80%,87816,0.9975175366675777,0.9972218190100083,0.9975111200124709,0.997525821918633,0.9975175366675777
80,0.666,above_threshold,80-90%,67,0.9701492537313433,0.9626998660403949,0.9774810159727677,0.990049751243781,0.9701492537313433
80,0.666,above_threshold,90-100%,3,1.0,1.0,1.0,1.0,1.0
80,0.666,below_threshold,10-20%,64,0.109375,0.001432747805787157,0.11385241596638655,0.14378720238095236,0.109375
80,0.666,below_threshold,20-30%,464,0.1810344827586207,0.07491110749114911,0.15947185902580804,0.2034728314025387,0.1810344827586207
80,0.666,below_threshold,30-40%,455,0.2681318681318681,0.19184821226953483,0.24587717048847527,0.2700150943435772,0.2681318681318681
80,0.666,below_threshold,40-50%,419,0.3937947494033413,0.3708609935497907,0.42259441143403337,0.5330424789827581,0.3937947494033413
80,0.666,below_threshold,50-60%,744,0.4717741935483871,0.44763596724771526,0.48813551715502485,0.5854716469490868,0.4717741935483871
80,0.666,below_threshold,60-70%,1280,0.5328125,0.5115936908695202,0.5617816144177575,0.6701189064052675,0.5328125
80,0.666,below_threshold,70-80%,1575,0.5041269841269841,0.4828098355201295,0.5313508676431474,0.6347447654804758,0.5041269841269841
80,0.666,below_threshold,80-90%,7,0.42857142857142855,0.3847418820319328,0.47619047619047616,0.5714285714285714,0.42857142857142855
90,0.666,all,10-20%,61,0.16393442622950818,0.06221504661429149,0.13608202204068207,0.1186272743649793,0.16393442622950818
90,0.666,all,20-30%,499,0.21042084168336672,0.11829271696271312,0.18979812773951504,0.25345573546470485,0.21042084168336672
90,0.666,all,30-40%,824,0.5995145631067961,0.578908431372413,0.6045015432306738,0.661548099959257,0.5995145631067961
90,0.666,all,40-50%,3077,0.9356516087097823,0.9312478143589449,0.9356886527873108,0.940167399394768,0.9356516087097823
90,0.666,all,50-60%,10199,0.9736248651828611,0.9713948159752269,0.9733304247307993,0.9738661664039329,0.9736248651828611
90,0.666,all,60-70%,22437,0.9827071355350537,0.9810706599364415,0.9827720657010603,0.9835829570604268,0.9827071355350537
90,0.666,all,70-80%,40789,0.9880114736816299,0.9868023706141394,0.987960214641596,0.9881298401436868,0.9880114736816299
90,0.666,all,80-90%,74618,0.9901632313918893,0.9890941430771083,0.9901946985008491,0.9905112641248485,0.9901632313918893
90,0.666,all,90-100%,30,1.0,1.0,1.0,1.0,1.0
90,0.666,above_threshold,10-20%,2,0.0,-0.5,0.0,0.0,0.0
90,0.666,above_threshold,20-30%,28,0.42857142857142855,0.4056338028169014,0.4404761904761906,0.5607142857142857,0.42857142857142855
90,0.666,above_threshold,30-40%,417,0.9448441247002398,0.9410232809604464,0.9506011092656208,0.9629775288418961,0.9448441247002398
90,0.666,above_threshold,40-50%,2814,0.9825870646766169,0.9812898282483868,0.982278825511948,0.9830139978716081,0.9825870646766169
90,0.666,above_threshold,50-60%,9842,0.9925828083722821,0.9919328371507191,0.9924258574779715,0.9927067124187177,0.9925828083722821
90,0.666,above_threshold,60-70%,21937,0.9943930345990791,0.9938495211623941,0.9944789571755858,0.9948057460406283,0.9943930345990791
90,0.666,above_threshold,70-80%,40041,0.9969031742463974,0.996584531572281,0.996885019065448,0.9969391455200073,0.9969031742463974
90,0.666,above_threshold,80-90%,73450,0.9973995915588836,0.9971124879426255,0.997420684513143,0.9975246320014238,0.9973995915588836
90,0.666,above_threshold,90-100%,30,1.0,1.0,1.0,1.0,1.0
90,0.666,below_threshold,10-20%,59,0.1694915254237288,0.06862829130503972,0.14591009579955783,0.1303780964797914,0.1694915254237288
90,0.666,below_threshold,20-30%,471,0.19745222929936307,0.09493845653322436,0.1703927967590074,0.21128667272646784,0.19745222929936307
90,0.666,below_threshold,30-40%,407,0.2457002457002457,0.17577845049017551,0.23983490376972175,0.29234120481477777,0.2457002457002457
90,0.666,below_threshold,40-50%,263,0.43346007604562736,0.4056038673282396,0.46160400528184575,0.5650891193552104,0.43346007604562736
90,0.666,below_threshold,50-60%,357,0.45098039215686275,0.4261003540784408,0.4708958554900136,0.5585344144705641,0.45098039215686275
90,0.666,below_threshold,60-70%,500,0.47,0.44671640853716016,0.5003220433430403,0.6163768601468399,0.47
90,0.666,below_threshold,70-80%,748,0.5120320855614974,0.49068042899641817,0.5331851531896685,0.6135854353414746,0.5120320855614974
90,0.666,below_threshold,80-90%,1168,0.5351027397260274,0.5134825998003625,0.5569654556907117,0.6360878943582593,0.5351027397260274
