sim_id,esm_ckpt,embedding_col,eval_split,model,accuracy,balanced_accuracy,f1_macro,f1_weighted,mcc,top3_acc,top5_acc,n_train,n_eval,fit_seconds
10,facebook/esm2_t6_8M_UR50D,embedding_mid,test,rf,0.07814818590636717,0.09321520898897986,0.060300308867530135,0.0580651176161193,0.05214191510626591,0.19885366047054293,0.33702608715352117,473005,88281,171.8
10,facebook/esm2_t6_8M_UR50D,embedding_mid,test,logreg,0.083585369445294,0.0963377240250091,0.07192326121826577,0.08194523562602528,0.03850926139926584,0.22913197630294174,0.33473793908088945,473005,88281,88.2
10,facebook/esm2_t6_8M_UR50D,embedding_mid,test,knn,0.07974535857092693,0.08624793082531197,0.07265342215581135,0.07340201705357692,0.03351733452374695,0.18906673010047462,0.274781663098515,473005,88281,0.3
20,facebook/esm2_t6_8M_UR50D,embedding_mid,test,rf,0.04778879624866921,0.05699318000228119,0.03949477700713726,0.04996216971581179,0.026247775220554083,0.18456403937940358,0.2774022991255667,495285,83597,189.6
20,facebook/esm2_t6_8M_UR50D,embedding_mid,test,logreg,0.08392645669102958,0.09652848697888779,0.07264664156035572,0.08855006316076793,0.049813235960032405,0.21698147062693637,0.3363757072622223,495285,83597,116.9
20,facebook/esm2_t6_8M_UR50D,embedding_mid,test,knn,0.06739476296996304,0.07263683809952237,0.04537380840302194,0.0697016803199456,0.03193017724605814,0.17492254506740673,0.22204146081797194,495285,83597,0.3
30,facebook/esm2_t6_8M_UR50D,embedding_mid,test,rf,0.10969687016094974,0.08428939010761412,0.07707396571664357,0.13382400104091938,0.07635616206437389,0.3716390596405612,0.49961287597954107,498974,85244,187.6
30,facebook/esm2_t6_8M_UR50D,embedding_mid,test,logreg,0.18052883487400873,0.12849125016132412,0.10647688191906551,0.20946386732741254,0.13716077660317666,0.3544061752146779,0.467000610013608,498974,85244,128.6
30,facebook/esm2_t6_8M_UR50D,embedding_mid,test,knn,0.1315869738632631,0.10600930496403106,0.08800861280519122,0.15244782720457278,0.07736133537801239,0.31656186945708786,0.36917554314673173,498974,85244,0.3
40,facebook/esm2_t6_8M_UR50D,embedding_mid,test,rf,0.1713576079555807,0.17428051473446718,0.1534207173373901,0.17586861247607055,0.15381869430847764,0.3492745423335475,0.4445669789698789,504225,104279,190.7
40,facebook/esm2_t6_8M_UR50D,embedding_mid,test,logreg,0.2157193682332972,0.21250025777348974,0.1717590579517507,0.2276206914415319,0.1799077696318432,0.38708656584739015,0.4982402976630002,504225,104279,137.3
40,facebook/esm2_t6_8M_UR50D,embedding_mid,test,knn,0.2079325655213418,0.1918770785394942,0.16797707159460484,0.21821169705172647,0.17112451090328049,0.3475484038013406,0.394336347682659,504225,104279,0.3
50,facebook/esm2_t6_8M_UR50D,embedding_mid,test,rf,0.43682913889958797,0.35865592853965067,0.36565636752592545,0.45107708330300467,0.4280974613224325,0.6640334876419846,0.7766618460353335,475127,137603,194.4
50,facebook/esm2_t6_8M_UR50D,embedding_mid,test,logreg,0.561099685326628,0.5254110745289974,0.4294111524146026,0.5728293173556105,0.5370261617037226,0.7262341664062557,0.8039141588482809,475127,137603,145.0
50,facebook/esm2_t6_8M_UR50D,embedding_mid,test,knn,0.44367491987820035,0.38987447309863593,0.3498535001345938,0.45157595655456484,0.41426494304013983,0.7235016678415441,0.7837547146501166,475127,137603,0.3
60,facebook/esm2_t6_8M_UR50D,embedding_mid,test,rf,0.7575416772388444,0.6681768490844516,0.703813197055348,0.756716308991643,0.7423960684446653,0.9067362487399108,0.9371498323309766,463467,145823,188.8
60,facebook/esm2_t6_8M_UR50D,embedding_mid,test,logreg,0.7951283405224142,0.7953254359796338,0.723197955247163,0.8031622547159227,0.7806309122110671,0.912606378966281,0.9435960033739533,463467,145823,116.5
60,facebook/esm2_t6_8M_UR50D,embedding_mid,test,knn,0.7946277336222681,0.7124728937684244,0.7085820884713809,0.7932263974181031,0.7782103285836066,0.9229956865515042,0.9424850675133553,463467,145823,0.3
70,facebook/esm2_t6_8M_UR50D,embedding_mid,test,rf,0.900485008219327,0.8153646677291814,0.8553679824899464,0.8995936158939332,0.8919393543907957,0.9589169508334805,0.9738408031844797,458907,147214,182.7
70,facebook/esm2_t6_8M_UR50D,embedding_mid,test,logreg,0.8877076908446208,0.8702536818515532,0.8049993256903185,0.8914804860069797,0.8786247429978167,0.9567296588639668,0.9710285706522478,458907,147214,128.6
70,facebook/esm2_t6_8M_UR50D,embedding_mid,test,knn,0.9153205537516812,0.8500527736191551,0.8481571970355146,0.9147574948435585,0.9078180949592072,0.9646636868776067,0.9747102857065225,458907,147214,0.3
80,facebook/esm2_t6_8M_UR50D,embedding_mid,test,rf,0.929119953450294,0.8335710643226788,0.8695251673490206,0.9281829956978089,0.9218662220421946,0.9710146888679896,0.9827333067206138,458966,147799,180.2
80,facebook/esm2_t6_8M_UR50D,embedding_mid,test,logreg,0.9054797393757739,0.8831487874158728,0.8206566154853701,0.9087889897896814,0.8967478331431319,0.9634774254223641,0.9759538291869363,458966,147799,152.9
80,facebook/esm2_t6_8M_UR50D,embedding_mid,test,knn,0.9402093383581757,0.866020593067255,0.8775642640910699,0.9399360311011968,0.9340971356270874,0.9761703394474929,0.9835790499259129,458966,147799,0.3
90,facebook/esm2_t6_8M_UR50D,embedding_mid,test,rf,0.9410033172931936,0.8737509852123085,0.9094925042047843,0.9405611019176452,0.9350483504213238,0.9768051713060695,0.9857736635766452,458927,152534,179.9
90,facebook/esm2_t6_8M_UR50D,embedding_mid,test,logreg,0.9182805145082408,0.912725521789954,0.8518467134918344,0.9209003291134389,0.9106898331273482,0.9684857146603381,0.9794275374670566,458927,152534,158.2
90,facebook/esm2_t6_8M_UR50D,embedding_mid,test,knn,0.9495128954855967,0.8870589790136345,0.9018407770428654,0.9492282556217067,0.944389093147526,0.9804437043544391,0.9867504949716129,458927,152534,0.3
10,facebook/esm2_t12_35M_UR50D,embedding_mid,test,rf,0.11742050950940747,0.10935455430352621,0.09235521073611472,0.11008566596587852,0.1055435680343634,0.2796977832149613,0.3802516962879895,473005,88281,247.4
10,facebook/esm2_t12_35M_UR50D,embedding_mid,test,logreg,0.1355444546391636,0.11452576778082237,0.10005416670437833,0.12717290112939142,0.09575167374176483,0.2530102740113954,0.3756074353484895,473005,88281,114.6
10,facebook/esm2_t12_35M_UR50D,embedding_mid,test,knn,0.12898585199533308,0.10302929381850144,0.07858866968947206,0.10565142575294151,0.08007985630331076,0.2724028953002345,0.3580498635040382,473005,88281,0.3
20,facebook/esm2_t12_35M_UR50D,embedding_mid,test,rf,0.11415481416797253,0.09554868731387169,0.09726664118517732,0.15825031435559822,0.11915110720234438,0.2788257951840377,0.385803318300896,495285,83597,261.1
20,facebook/esm2_t12_35M_UR50D,embedding_mid,test,logreg,0.13934710575738363,0.1109608941291159,0.1035672997257343,0.16602038958416057,0.10364323247286192,0.2510377166644736,0.380946684689642,495285,83597,144.1
20,facebook/esm2_t12_35M_UR50D,embedding_mid,test,knn,0.18280560307188057,0.12541737904191144,0.11425543793475984,0.19941178744836593,0.15111092561388953,0.29511824587006713,0.33806237065923417,495285,83597,0.3
30,facebook/esm2_t12_35M_UR50D,embedding_mid,test,rf,0.12744591994744497,0.11423885106033667,0.10736455571574206,0.16072768577071805,0.10814157909224628,0.3831237389141758,0.542349021632021,498974,85244,259.3
30,facebook/esm2_t12_35M_UR50D,embedding_mid,test,logreg,0.18664070198489044,0.13831510217488205,0.12209348853924773,0.23116055108462832,0.14848919585081938,0.35320961006053214,0.4457674440429825,498974,85244,163.8
30,facebook/esm2_t12_35M_UR50D,embedding_mid,test,knn,0.1820186758012294,0.1416649848901708,0.13830006911908396,0.21841877800209739,0.13453289747433192,0.3259701562573319,0.358582422223265,498974,85244,0.3
40,facebook/esm2_t12_35M_UR50D,embedding_mid,test,rf,0.31402295764247834,0.2586500392612887,0.24198804379023084,0.3490310853703243,0.3108529437784549,0.48039394317168366,0.5971288562414292,504225,104279,256.0
40,facebook/esm2_t12_35M_UR50D,embedding_mid,test,logreg,0.3408740014768074,0.27173313970109886,0.2364081189430026,0.35759506566472077,0.3069202299907313,0.48269546121462614,0.5669214319278091,504225,104279,160.7
40,facebook/esm2_t12_35M_UR50D,embedding_mid,test,knn,0.3813135914230094,0.30336214186184257,0.26876445459662446,0.39064682305900017,0.35267875239527313,0.4942222307463631,0.5321013818697916,504225,104279,0.3
50,facebook/esm2_t12_35M_UR50D,embedding_mid,test,rf,0.7481886296083661,0.6255317577830497,0.6300776875490601,0.7620099495585121,0.7395529624265595,0.8845955393414388,0.912974281083988,475127,137603,259.6
50,facebook/esm2_t12_35M_UR50D,embedding_mid,test,logreg,0.7433849552698706,0.6642813950493006,0.5689935423775835,0.7556129458230577,0.7282140250299656,0.8850315763464459,0.9175890060536471,475127,137603,187.5
50,facebook/esm2_t12_35M_UR50D,embedding_mid,test,knn,0.7070848746030246,0.603483380218122,0.5483693881483157,0.7161873958772452,0.6911138839419407,0.8835781196630887,0.9126399860468158,475127,137603,0.3
60,facebook/esm2_t12_35M_UR50D,embedding_mid,test,rf,0.8969161243425249,0.8218161535602939,0.8408592276215796,0.8960069699727006,0.8896129608194826,0.9546367856922433,0.9684480500332595,463467,145823,257.9
60,facebook/esm2_t12_35M_UR50D,embedding_mid,test,logreg,0.918510797336497,0.8763461236459683,0.8357469122386146,0.9202809871965748,0.9119480910973141,0.9582301831672644,0.9682217482838784,463467,145823,125.7
60,facebook/esm2_t12_35M_UR50D,embedding_mid,test,knn,0.9090404120063365,0.8258268848798246,0.8236751620568691,0.9063311943950324,0.9015464002809426,0.9576952881232728,0.9644911982334748,463467,145823,0.3
70,facebook/esm2_t12_35M_UR50D,embedding_mid,test,rf,0.9510236798130612,0.8935285577952203,0.9083247352170659,0.9505437402208222,0.946762257541297,0.9783784150963903,0.9850150121591696,458907,147214,254.9
70,facebook/esm2_t12_35M_UR50D,embedding_mid,test,logreg,0.9527490591927398,0.9233784266129443,0.8884295701494622,0.9537948143683358,0.9487013883394568,0.9773187332726507,0.9841183583083131,458907,147214,144.9
70,facebook/esm2_t12_35M_UR50D,embedding_mid,test,knn,0.9544133030825872,0.9027442908691085,0.892046650619563,0.9545946736929265,0.950425311095203,0.9790169413235155,0.9840504299862785,458907,147214,0.3
80,facebook/esm2_t12_35M_UR50D,embedding_mid,test,rf,0.9655816345171483,0.8945308366903387,0.9143103458226709,0.9652584842589592,0.9620711758145101,0.984580409880987,0.9897495923517751,458966,147799,260.7
80,facebook/esm2_t12_35M_UR50D,embedding_mid,test,logreg,0.9618738963051171,0.9260808922653805,0.8907966847499149,0.9629676192692989,0.9580993433876819,0.9827400726662562,0.9879363189196138,458966,147799,162.6
80,facebook/esm2_t12_35M_UR50D,embedding_mid,test,knn,0.9647832529313459,0.9043505304260344,0.9017498609714417,0.9649562393120218,0.9612185285640777,0.9847224947394773,0.9889918064398271,458966,147799,0.3
90,facebook/esm2_t12_35M_UR50D,embedding_mid,test,rf,0.9725962736176852,0.9211071511388518,0.9407702319288739,0.9724107229743001,0.9698219273949145,0.9874519779196769,0.9913461916687427,458927,152534,257.4
90,facebook/esm2_t12_35M_UR50D,embedding_mid,test,logreg,0.966663170178452,0.9486263544108782,0.9130646186527756,0.9674803178100242,0.9633825787011098,0.9848755031665072,0.9895367590176616,458927,152534,148.8
90,facebook/esm2_t12_35M_UR50D,embedding_mid,test,knn,0.9707016140663721,0.92110648460992,0.9264516581059868,0.9706716455535436,0.9677526450717033,0.9873143036962251,0.9906119291436664,458927,152534,0.3
10,facebook/esm2_t30_150M_UR50D,embedding_mid,test,rf,0.12593876372039284,0.11243515677425212,0.09305691418907139,0.11309696596331041,0.10446236650314626,0.27083970503279303,0.3985568808690432,473005,88281,340.5
10,facebook/esm2_t30_150M_UR50D,embedding_mid,test,logreg,0.12265379866562454,0.11444550824888257,0.09910377908676263,0.1145627809735453,0.0776457059530809,0.19154744509010999,0.2909799390582345,473005,88281,80.7
10,facebook/esm2_t30_150M_UR50D,embedding_mid,test,knn,0.13817242668297822,0.11182398872878861,0.09481801371712052,0.12096930553414809,0.08797453225700692,0.25796037652496007,0.3523521482538712,473005,88281,0.3
20,facebook/esm2_t30_150M_UR50D,embedding_mid,test,rf,0.1744560211490843,0.12354048310302428,0.12693032081131292,0.21487507758233385,0.16752373673887944,0.30839623431462854,0.4005765757144395,495285,83597,351.0
20,facebook/esm2_t30_150M_UR50D,embedding_mid,test,logreg,0.1511657116882185,0.11714114676684567,0.11664971943938583,0.1864556035144194,0.11570222654662811,0.2931803772862663,0.3570582676411833,495285,83597,113.3
20,facebook/esm2_t30_150M_UR50D,embedding_mid,test,knn,0.2162757036735768,0.14290094675929055,0.12603008604110685,0.22225764164209402,0.17919746506956002,0.2821991219780614,0.31698505927246196,495285,83597,0.4
30,facebook/esm2_t30_150M_UR50D,embedding_mid,test,rf,0.17286847168129135,0.16877149184784257,0.16626586258680637,0.21208344626040823,0.15614538619458226,0.3911243020036601,0.5079184458730234,498974,85244,343.3
30,facebook/esm2_t30_150M_UR50D,embedding_mid,test,logreg,0.20123410445309933,0.19458684511112292,0.1422843709167999,0.23018674597502975,0.16684653023929438,0.3493618319177889,0.4074304349866266,498974,85244,114.0
30,facebook/esm2_t30_150M_UR50D,embedding_mid,test,knn,0.2293064614518324,0.18068627656044164,0.16328585246085073,0.2658238122879049,0.18819555095017204,0.3089601614189855,0.3355192154286519,498974,85244,0.3
40,facebook/esm2_t30_150M_UR50D,embedding_mid,test,rf,0.3747350856835988,0.2971658479983425,0.28414670062884007,0.4032408477956815,0.35821492561082696,0.4870203972036556,0.5515683886496802,504225,104279,342.4
40,facebook/esm2_t30_150M_UR50D,embedding_mid,test,logreg,0.3220686811342648,0.2621956881751124,0.23157709633582146,0.3550266093922268,0.2878969332145351,0.44241889546313257,0.5012418607773377,504225,104279,112.0
40,facebook/esm2_t30_150M_UR50D,embedding_mid,test,knn,0.41282520929429706,0.33200881534969956,0.3039561644266182,0.4266983531903633,0.38311409655938133,0.4713125365605731,0.4862436348641625,504225,104279,0.4
50,facebook/esm2_t30_150M_UR50D,embedding_mid,test,rf,0.8514421923940612,0.7163970730835915,0.6939281474563842,0.8634911249585138,0.8415191871677312,0.9196892509610982,0.9354156522750231,475127,137603,372.6
50,facebook/esm2_t30_150M_UR50D,embedding_mid,test,logreg,0.8025915132664259,0.7052358825567866,0.6141506250138848,0.8094277226255903,0.7906835945319355,0.9025239275306498,0.9230830723167373,475127,137603,121.3
50,facebook/esm2_t30_150M_UR50D,embedding_mid,test,knn,0.7433195497191195,0.6333630956311964,0.5770912197416945,0.7643859961788788,0.7299245736873559,0.9205685922545294,0.9313677754118733,475127,137603,0.3
60,facebook/esm2_t30_150M_UR50D,embedding_mid,test,rf,0.9428896676107336,0.8814560926155653,0.889729270171212,0.9411268665758786,0.9382037034050313,0.9692366773417088,0.9768623605329749,463467,145823,312.5
60,facebook/esm2_t30_150M_UR50D,embedding_mid,test,logreg,0.9416758673185985,0.9146498117954798,0.8820443662840027,0.9426939029199329,0.9369414236581182,0.9698401486733917,0.9780555879388025,463467,145823,79.9
60,facebook/esm2_t30_150M_UR50D,embedding_mid,test,knn,0.9376984426325066,0.8699579366436359,0.8565647545247708,0.9358599685541251,0.9325651104770643,0.9674331209754291,0.9723911865755059,463467,145823,0.3
70,facebook/esm2_t30_150M_UR50D,embedding_mid,test,rf,0.9662871737742335,0.9252050290649768,0.9298895533469805,0.9661387087445763,0.963352428716359,0.9846210278913691,0.9892197752931107,458907,147214,336.3
70,facebook/esm2_t30_150M_UR50D,embedding_mid,test,logreg,0.9654924124064287,0.9426494127223363,0.9174825558472143,0.9661452159882633,0.9625129493076579,0.9826850707133833,0.9877457307049601,458907,147214,85.2
70,facebook/esm2_t30_150M_UR50D,embedding_mid,test,knn,0.9636107978860706,0.9144857161519933,0.9082602059796513,0.9636346507382015,0.9604404736193801,0.9836496528862744,0.9875555314032632,458907,147214,0.3
80,facebook/esm2_t30_150M_UR50D,embedding_mid,test,rf,0.9748915757210806,0.9205173446653833,0.9344149044210156,0.9747802482324436,0.9723499772133362,0.9882813821473758,0.9914952063275123,458966,147799,339.0
80,facebook/esm2_t30_150M_UR50D,embedding_mid,test,logreg,0.9727332390611574,0.9434194703715089,0.9196621119404234,0.9732675960892588,0.9700044428912872,0.9864207470957178,0.9901555490903186,458966,147799,108.0
80,facebook/esm2_t30_150M_UR50D,embedding_mid,test,knn,0.9721513677359116,0.921845853714492,0.9204031507508286,0.9722604882915602,0.9693401012430548,0.9878957232457595,0.9909201009479089,458966,147799,0.3
90,facebook/esm2_t30_150M_UR50D,embedding_mid,test,rf,0.9796045471829231,0.939752703312796,0.955111511064085,0.9795170801831562,0.9775512313286827,0.9905660377358491,0.9932736307970682,458927,152534,328.2
90,facebook/esm2_t30_150M_UR50D,embedding_mid,test,logreg,0.9759922377961635,0.9575475338161391,0.9350033447948505,0.9763743391108242,0.9736029132663429,0.9886844900153409,0.9916543196926587,458927,152534,98.2
90,facebook/esm2_t30_150M_UR50D,embedding_mid,test,knn,0.9767658358136546,0.9367346221572324,0.9396199037788951,0.9767429454540656,0.97443256733432,0.9902972452043479,0.9928606081267127,458927,152534,0.3
